
{
    "korean_to_hiragana": {
"앙": "あん",
"안": "あん",
"잉": "いん",
"인": "いん",
"웅": "うん",
"운": "うん",
"응": "うん",
"은": "うん",
"앵": "えん",
"앤": "えん",
"엥": "えん",
"엔": "えん",
"옹": "おん",
"온": "おん",
"캉": "かん",
"칸": "かん",
"킹": "きん",
"킨": "きん",
"쿵": "くん",
"쿤": "くん",
"킁": "くん",
"큰": "くん",
"캥": "けん",
"캔": "けん",
"켕": "けん",
"켄": "けん",
"콩": "こん",
"콘": "こん",
"깡": "かん",
"깐": "かん",
"낑": "きん",
"낀": "きん",
"꿍": "くん",
"꾼": "くん",
"끙": "くん",
"끈": "くん",
"깽": "けん",
"깬": "けん",
"껭": "けん",
"껜": "けん",
"꽁": "こん",
"꼰": "こん",
"강": "がん",
"간": "がん",
"깅": "ぎん",
"긴": "ぎん",
"궁": "ぐん",
"군": "ぐん",
"긍": "ぐん",
"근": "ぐん",
"갱": "げん",
"갠": "げん",
"겡": "げん",
"겐": "げん",
"공": "ごん",
"곤": "ごん",
"상": "さん",
"산": "さん",
"싱": "しん",
"신": "しん",
"숭": "すん",
"순": "すん",
"승": "すん",
"슨": "すん",
"생": "せん",
"샌": "せん",
"셍": "せん",
"센": "せん",
"송": "そん",
"손": "そん",
"쌍": "さん",
"싼": "さん",
"씽": "しん",
"씬": "しん",
"쑹": "すん",
"쑨": "すん",
"씅": "すん",
"쓴": "すん",
"쌩": "せん",
"쌘": "せん",
"쎙": "せん",
"쎈": "せん",
"쏭": "そん",
"쏜": "そん",




"장": "ざん",
"잔": "ざん",
"징": "じん",
"진": "じん",
"중": "ずん",
"준": "ずん",
"증": "ずん",
"즌": "ずん",
"쟁": "ぜん",
"잰": "ぜん",
"젱": "ぜん",
"젠": "ぜん",
"종": "ぞん",
"존": "ぞん",
"탕": "たん",
"탄": "たん",
"팅": "ちん",
"틴": "ちん",
"퉁": "つん",
"툰": "つん",
"틍": "つん",
"튼": "つん",
"탱": "てん",
"탠": "てん",
"텡": "てん",
"텐": "てん",
"통": "とん",
"톤": "とん",
"땅": "たん",
"딴": "たん",
"띵": "ちん",
"띤": "ちん",
"뚱": "つん",
"뚠": "つん",
"뜽": "つん",
"뜬": "つん",
"땡": "てん",
"땐": "てん",
"뗑": "てん",
"뗀": "てん",
"똥": "とん",
"똔": "とん",





"짱": "たん",
"짠": "たん",
"찡": "ちん",
"찐": "ちん",
"쭝": "つん",
"쭌": "つん",
"쯩": "つん",
"쯘": "つん",
"쨍": "てん",
"짼": "てん",
"쩽": "てん",
"쩬": "てん",
"쫑": "とん",
"쫀": "とん",
"창": "たん",
"찬": "たん",
"칭": "ちん",
"친": "ちん",
"충": "つん",
"춘": "つん",
"층": "つん",
"츤": "つん",
"챙": "てん",
"챈": "てん",
"쳉": "てん",
"첸": "てん",
"총": "とん",
"촌": "とん",
"당": "だん",
"단": "だん",
"딩": "ぢん",
"딘": "ぢん",
"둥": "づん",
"둔": "づん",
"등": "づん",
"든": "づん",
"댕": "でん",
"댄": "でん",
"뎅": "でん",
"덴": "でん",
"동": "どん",
"돈": "どん",



"낭": "なん",
"난": "なん",
"닝": "にん",
"닌": "にん",
"눙": "ぬん",
"눈": "ぬん",
"능": "ぬん",
"는": "ぬん",
"냉": "ねん",
"낸": "ねん",
"넹": "ねん",
"넨": "ねん",
"농": "のん",
"논": "のん",
"항": "はん",
"한": "はん",
"힝": "ひん",
"힌": "ひん",
"훙": "ふん",
"훈": "ふん",
"흥": "ふん",
"흔": "ふん",
"행": "へん",
"핸": "へん",
"헹": "へん",
"헨": "へん",
"홍": "ほん",
"혼": "ほん",



"방": "ばん",
"반": "ばん",
"빙": "びん",
"빈": "びん",
"붕": "ぶん",
"분": "ぶん",
"븡": "ぶん",
"븐": "ぶん",
"뱅": "べん",
"밴": "べん",
"벵": "べん",
"벤": "べん",
"봉": "ぼん",
"본": "ぼん",
"팡": "ぱん",
"판": "ぱん",
"핑": "ぴん",
"핀": "ぴん",
"풍": "ぷん",
"푼": "ぷん",
"픙": "ぷん",
"픈": "ぷん",
"팽": "ぺん",
"팬": "ぺん",
"펭": "ぺん",
"펜": "ぺん",
"퐁": "ぽん",
"폰": "ぽん",
"빵": "ぱん",
"빤": "ぱん",
"삥": "ぴん",
"삔": "ぴん",
"뿡": "ぷん",
"뿐": "ぷん",
"쁭": "ぷん",
"쁜": "ぷん",
"뺑": "ぺん",
"뺀": "ぺん",
"뼁": "ぺん",
"뻰": "ぺん",
"뽕": "ぽん",
"뽄": "ぽん",



"망": "まん",
"만": "まん",
"밍": "みん",
"민": "みん",
"뭉": "むん",
"문": "むん",
"믕": "むん",
"믄": "むん",
"맹": "めん",
"맨": "めん",
"멩": "めん",
"멘": "めん",
"몽": "もん",
"몬": "もん",
"양": "やん",
"얀": "やん",
"융": "ゆん",
"윤": "ゆん",
"용": "よん",
"욘": "よん",
"랑": "らん",
"란": "らん",
"링": "りん",
"린": "りん",
"룽": "るん",
"룬": "るん",
"릉": "るん",
"른": "るん",
"랭": "れん",
"랜": "れん",
"렝": "れん",
"렌": "れん",
"롱": "ろん",
"론": "ろん",
"왕": "わん",
"완": "わん",
"윙": "ゐん",
"윈": "ゐん",
"욍": "ゑん",
"왼": "ゑん",
"앗": "あっ",
"잇": "いっ",
"웃": "うっ",
"읏": "うっ",
"앳": "えっ",
"엣": "えっ",
"옷": "おっ",
"캇": "かっ",
"킷": "きっ",
"쿳": "くっ",
"큿": "くっ",
"캣": "けっ",
"켓": "けっ",
"콧": "こっ",



"깟": "かっ",
"낏": "きっ",
"꿋": "くっ",
"끗": "くっ",
"깻": "けっ",
"껫": "けっ",
"꼿": "こっ",
"갓": "がっ",
"깃": "ぎっ",
"굿": "ぐっ",
"긋": "ぐっ",
"갯": "げっ",
"겟": "げっ",
"곳": "ごっ",
"삿": "さっ",
"싯": "しっ",
"숫": "すっ",
"슷": "すっ",
"샛": "せっ",
"셋": "せっ",
"솟": "そっ",
"쌋": "さっ",
"씻": "しっ",
"쑷": "すっ",
"씃": "すっ",
"쌧": "せっ",
"쎗": "せっ",
"쏫": "そっ",
"잣": "ざっ",
"짓": "じっ",
"줏": "ずっ",
"즛": "ずっ",
"잿": "ぜっ",
"젯": "ぜっ",
"좃": "ぞっ",
"탓": "たっ",
"팃": "ちっ",
"툿": "つっ",
"틋": "つっ",
"탯": "てっ",
"텟": "てっ",
"톳": "とっ",
"땃": "たっ",
"띳": "ちっ",
"뚯": "つっ",
"뜻": "つっ",
"땟": "てっ",
"뗏": "てっ",
"똣": "とっ",
"찻": "たっ",
"칫": "ちっ",
"춧": "つっ",
"츳": "つっ",
"챗": "てっ",
"쳇": "てっ",
"촛": "とっ",
"짯": "たっ",
"찟": "ちっ",
"쭛": "つっ",
"쯧": "つっ",
"쨋": "てっ",
"쩻": "てっ",
"쫏": "とっ",




"닷": "だっ",
"딧": "ぢっ",
"둣": "づっ",
"듯": "づっ",
"댓": "でっ",
"뎃": "でっ",
"돗": "どっ",
"낫": "なっ",
"닛": "にっ",
"눗": "ぬっ",
"늣": "ぬっ",
"냇": "ねっ",
"넷": "ねっ",
"놋": "のっ",
"핫": "はっ",
"힛": "ひっ",
"훗": "ふっ",
"흣": "ふっ",
"햇": "へっ",
"헷": "へっ",
"홋": "ほっ",
"밧": "ばっ",
"빗": "びっ",
"붓": "ぶっ",
"븟": "ぶっ",
"뱃": "べっ",
"벳": "べっ",
"봇": "ぼっ",
"팟": "ぱっ",
"핏": "ぴっ",
"풋": "ぷっ",
"픗": "ぷっ",
"팻": "ぺっ",
"펫": "ぺっ",
"폿": "ぽっ",
"빳": "ぱっ",
"삣": "ぴっ",
"뿟": "ぷっ",
"쁫": "ぷっ",
"뺏": "ぺっ",
"뻿": "ぺっ",
"뽓": "ぽっ",
"맛": "まっ",
"밋": "みっ",
"뭇": "むっ",
"믓": "むっ",
"맷": "めっ",
"멧": "めっ",
"못": "もっ",
"얏": "やっ",
"윳": "ゆっ",
"욧": "よっ",
"랏": "らっ",
"릿": "りっ",
"룻": "るっ",
"릇": "るっ",
"랫": "れっ",
"렛": "れっ",
"롯": "ろっ",
"왓": "わっ",
"윗": "ゐっ",
"욋": "ゑっ",









"캬": "きゃ",
"캰": "きゃん",
"컁": "きゃん",
"캿": "きゃっ",
"큐": "きゅ",
"큔": "きゅん",
"큥": "きゅん",
"큣": "きゅっ",
"쿄": "きょ",
"쿈": "きょん",
"쿙": "きょん",
"쿗": "きょっ",
"꺄": "きゃ",
"꺈": "きゃん",
"꺙": "きゃん",
"꺗": "きゃっ",
"뀨": "きゅ",
"뀬": "きゅん",
"뀽": "きゅん",
"뀻": "きゅっ",
"꾜": "きょ",
"꾠": "きょん",
"꾱": "きょん",
"꾯": "きょっ",
"갸": "ぎゃ",
"갼": "ぎゃん",
"걍": "ぎゃん",
"걋": "ぎゃっ",
"규": "ぎゅ",
"균": "ぎゅん",
"귱": "ぎゅん",
"귯": "ぎゅっ",
"교": "ぎょ",
"굔": "ぎょん",
"굥": "ぎょん",
"굣": "ぎょっ",
"샤": "しゃ",
"샨": "しゃん",
"샹": "しゃん",
"샷": "しゃっ",
"슈": "しゅ",
"슌": "しゅん",
"슝": "しゅん",
"슛": "しゅっ",
"쇼": "しょ",
"숀": "しょん",
"숑": "しょん",
"숏": "しょっ",
"쌰": "しゃ",
"쌴": "しゃん",
"썅": "しゃん",
"썃": "しゃっ",
"쓔": "しゅ",
"쓘": "しゅん",
"쓩": "しゅん",
"쓧": "しゅっ",
"쑈": "しょ",
"쑌": "しょん",
"쑝": "しょん",
"쑛": "しょっ",
"쟈": "じゃ",
"쟌": "じゃん",
"쟝": "じゃん",
"쟛": "じゃっ",
"쥬": "じゅ",
"쥰": "じゅん",
"즁": "じゅん",
"쥿": "じゅっ",
"죠": "じょ",
"죤": "じょん",
"죵": "じょん",
"죳": "じょっ",
"탸": "ちゃ",
"탼": "ちゃん",
"턍": "ちゃん",
"턋": "ちゃっ",
"튜": "ちゅ",
"튠": "ちゅん",
"튱": "ちゅん",
"튯": "ちゅっ",
"툐": "ちょ",
"툔": "ちょん",
"툥": "ちょん",
"툣": "ちょっ",
"땨": "ちゃ",
"땬": "ちゃん",
"땽": "ちゃん",
"땻": "ちゃっ",
"뜌": "ちゅ",
"뜐": "ちゅん",
"뜡": "ちゅん",
"뜟": "ちゅっ",
"뚀": "ちょ",
"뚄": "ちょん",
"뚕": "ちょん",
"뚓": "ちょっ",
"챠": "ちゃ",
"챤": "ちゃん",
"챵": "ちゃん",
"챳": "ちゃっ",
"츄": "ちゅ",
"츈": "ちゅん",
"츙": "ちゅん",
"츗": "ちゅっ",
"쵸": "ちょ",
"쵼": "ちょん",
"춍": "ちょん",
"춋": "ちょっ",
"쨔": "ちゃ",
"쨘": "ちゃん",
"쨩": "ちゃん",
"쨧": "ちゃっ",
"쮸": "ちゅ",
"쮼": "ちゅん",
"쯍": "ちゅん",
"쯋": "ちゅっ",
"쬬": "ちょ",
"쬰": "ちょん",
"쭁": "ちょん",
"쬿": "ちょっ",
"댜": "ぢゃ",
"댠": "ぢゃん",
"댱": "ぢゃん",
"댯": "ぢゃっ",
"듀": "ぢゅ",
"듄": "ぢゅん",
"듕": "ぢゅん",
"듓": "ぢゅっ",
"됴": "ぢょ",
"됸": "ぢょん",
"둉": "ぢょん",
"둇": "ぢょっ",









"냐": "にゃ",
"냔": "にゃん",
"냥": "にゃん",
"냣": "にゃっ",
"뉴": "にゅ",
"뉸": "にゅん",
"늉": "にゅん",
"늇": "にゅっ",
"뇨": "にょ",
"뇬": "にょん",
"뇽": "にょん",
"뇻": "にょっ",
"햐": "ひゃ",
"햔": "ひゃん",
"향": "ひゃん",
"햣": "ひゃっ",
"휴": "ひゅ",
"휸": "ひゅん",
"흉": "ひゅん",
"흇": "ひゅっ",
"효": "ひょ",
"횬": "ひょん",
"횽": "ひょん",
"횻": "ひょっ",
"뱌": "びゃ",
"뱐": "びゃん",
"뱡": "びゃん",
"뱟": "びゃっ",
"뷰": "びゅ",
"뷴": "びゅん",
"븅": "びゅん",
"븃": "びゅっ",
"뵤": "びょ",
"뵨": "びょん",
"뵹": "びょん",
"뵷": "びょっ",
"퍄": "ぴゃ",
"퍈": "ぴゃん",
"퍙": "ぴゃん",
"퍗": "ぴゃっ",
"퓨": "ぴゅ",
"퓬": "ぴゅん",
"퓽": "ぴゅん",
"퓻": "ぴゅっ",
"표": "ぴょ",
"푠": "ぴょん",
"푱": "ぴょん",
"푯": "ぴょっ",
"뺘": "ぴゃ",
"뺜": "ぴゃん",
"뺭": "ぴゃん",
"뺫": "ぴゃっ",
"쀼": "ぴゅ",
"쁀": "ぴゅん",
"쁑": "ぴゅん",
"쁏": "ぴゅっ",
"뾰": "ぴょ",
"뾴": "ぴょん",
"뿅": "ぴょん",
"뿃": "ぴょっ",








"먀": "みゃ",
"먄": "みゃん",
"먕": "みゃん",
"먓": "みゃっ",
"뮤": "みゅ",
"뮨": "みゅん",
"뮹": "みゅん",
"뮷": "みゅっ",
"묘": "みょ",
"묜": "みょん",
"묭": "みょん",
"묫": "みょっ",
"랴": "りゃ",
"랸": "りゃん",
"량": "りゃん",
"럇": "りゃっ",
"류": "りゅ",
"륜": "りゅん",
"륭": "りゅん",
"륫": "りゅっ",
"료": "りょ",
"룐": "りょん",
"룡": "りょん",
"룟": "りょっ",




        "아": "あ",
        "이": "い",
        "우": "う",
        "으": "う",
        "애": "え",
        "에": "え",
        "오": "お",
"카": "か",
"키": "き",
"쿠": "く",
"크": "く",
"캐": "け",
"케": "け",
"코": "こ",
"까": "か",
"끼": "き",
"꾸": "く",
"끄": "く",
"깨": "け",
"께": "け",
"꼬": "こ",
"가": "が",
"기": "ぎ",
"구": "ぐ",
"그": "ぐ",
"개": "げ",
"게": "げ",
"고": "ご",
"사": "さ",
"시": "し",
"수": "す",
"스": "す",
"새": "せ",
"세": "せ",
"소": "そ",
"싸": "さ",
"씨": "し",
"쑤": "す",
"쓰": "す",
"쌔": "せ",
"쎄": "せ",
"쏘": "そ",
"자": "ざ",
"지": "じ",
"주": "ず",
"즈": "ず",
"재": "ぜ",
"제": "ぜ",
"조": "ぞ",
"타": "た",
"티": "ち",
"투": "つ",
"트": "つ",
"태": "て",
"테": "て",
"토": "と",
"따": "た",
"띠": "ち",
"뚜": "つ",
"뜨": "つ",
"때": "て",
"떼": "て",
"또": "と",
"차": "た",
"치": "ち",
"추": "つ",
"츠": "つ",
"채": "て",
"체": "て",
"초": "と",
"짜": "た",
"찌": "ち",
"쭈": "つ",
"쯔": "つ",
"째": "て",
"쩨": "て",
"쪼": "と",
"다": "だ",
"디": "ぢ",
"두": "づ",
"드": "づ",
"대": "で",
"데": "で",
"도": "ど",
"나": "な",
"니": "に",
"누": "ぬ",
"느": "ぬ",
"내": "ね",
"네": "ね",
"노": "の",
"하": "は",
"히": "ひ",
"후": "ふ",
"흐": "ふ",
"해": "へ",
"헤": "へ",
"호": "ほ",
"바": "ば",
"비": "び",
"부": "ぶ",
"브": "ぶ",
"배": "べ",
"베": "べ",
"보": "ぼ",
"파": "ぱ",
"피": "ぴ",
"푸": "ぷ",
"프": "ぷ",
"패": "ぺ",
"페": "ぺ",
"포": "ぽ",
"빠": "ぱ",
"삐": "ぴ",
"뿌": "ぷ",
"쁘": "ぷ",
"빼": "ぺ",
"뻬": "ぺ",
"뽀": "ぽ",
"마": "ま",
"미": "み",
"무": "む",
"므": "む",
"매": "め",
"메": "め",
"모": "も",
"라": "ら",
"리": "り",
"루": "る",
"르": "る",
"래": "れ",
"레": "れ",
"로": "ろ",
"야": "や",
"유": "ゆ",
"요": "よ",
"와": "わ",
"위": "ゐ",
"외": "ゑ",
"왜": "ゑ",
"올": "を"
   },
  "korean_to_katakana": {
  "앙": "アン",
  "안": "アン",
  "잉": "イン",
  "인": "イン",
  "웅": "ウン",
  "운": "ウン",
  "응": "ウン",
  "은": "ウン",
  "앵": "エン",
  "앤": "エン",
  "엥": "エン",
  "엔": "エン",
  "옹": "オン",
  "온": "オン",
  "캉": "カン",
  "칸": "カン",
  "킹": "キン",
  "킨": "キン",
  "쿵": "クン",
  "쿤": "クン",
  "킁": "クン",
  "큰": "クン",
  "캥": "ケン",
  "캔": "ケン",
  "켕": "ケン",
  "켄": "ケン",
  "콩": "コン",
  "콘": "コン",
  "깡": "カン",
  "깐": "カン",
  "낑": "キン",
  "낀": "キン",
  "꿍": "クン",
  "꾼": "クン",
  "끙": "クン",
  "끈": "クン",
  "깽": "ケン",
  "깬": "ケン",
  "껭": "ケン",
  "껜": "ケン",
  "꽁": "コン",
  "꼰": "コン",
  "강": "ガン",
  "간": "ガン",
  "깅": "ギン",
  "긴": "ギン",
  "궁": "グン",
  "군": "グン",
  "긍": "グン",
  "근": "グン",
  "갱": "ゲン",
  "갠": "ゲン",
  "겡": "ゲン",
  "겐": "ゲン",
  "공": "ゴン",
  "곤": "ゴン",
  "상": "サン",
  "산": "サン",
  "싱": "シン",
  "신": "シン",
  "숭": "スン",
  "순": "スン",
  "승": "スン",
  "슨": "スン",
  "생": "セン",
  "샌": "セン",
  "셍": "セン",
  "센": "セン",
  "송": "ソン",
  "손": "ソン",
  "쌍": "サン",
  "싼": "サン",
  "씽": "シン",
  "씬": "シン",
  "쑹": "スン",
  "쑨": "スン",
  "씅": "スン",
  "쓴": "スン",
  "쌩": "セン",
  "쌘": "セン",
  "쎙": "セン",
  "쎈": "セン",
  "쏭": "ソン",
  "쏜": "ソン",
"장": "ザン",
"잔": "ザン",
"징": "ジン",
"진": "ジン",
"중": "ズン",
"준": "ズン",
"증": "ズン",
"즌": "ズン",
"쟁": "ゼン",
"잰": "ゼン",
"젱": "ゼン",
"젠": "ゼン",
"종": "ゾン",
"존": "ゾン",
"탕": "タン",
"탄": "タン",
"팅": "チン",
"틴": "チン",
"퉁": "ツン",
"툰": "ツン",
"틍": "ツン",
"튼": "ツン",
"탱": "テン",
"탠": "テン",
"텡": "テン",
"텐": "テン",
"통": "トン",
"톤": "トン",
"땅": "タン",
"딴": "タン",
"띵": "チン",
"띤": "チン",
"뚱": "ツン",
"뚠": "ツン",
"뜽": "ツン",
"뜬": "ツン",
"땡": "テン",
"땐": "テン",
"뗑": "テン",
"뗀": "テン",
"똥": "トン",
"똔": "トン",
"짱": "タン",
"짠": "タン",
"찡": "チン",
"찐": "チン",
"쭝": "ツン",
"쭌": "ツン",
"쯩": "ツン",
"쯘": "ツン",
"쨍": "テン",
"짼": "テン",
"쩽": "テン",
"쩬": "テン",
"쫑": "トン",
"쫀": "トン",
"창": "タン",
"찬": "タン",
"칭": "チン",
"친": "チン",
"충": "ツン",
"춘": "ツン",
"층": "ツン",
"츤": "ツン",
"챙": "テン",
"챈": "テン",
"쳉": "テン",
"첸": "テン",
"총": "トン",
"촌": "トン",
"당": "ダン",
"단": "ダン",
"딩": "ヂン",
"딘": "ヂン",
"둥": "ヅン",
"둔": "ヅン",
"등": "ヅン",
"든": "ヅン",
"댕": "デン",
"댄": "デン",
"뎅": "デン",
"덴": "デン",
"동": "ドン",
"돈": "ドン",




"낭": "ナン",
"난": "ナン",
"닝": "ニン",
"닌": "ニン",
"눙": "ヌン",
"눈": "ヌン",
"능": "ヌン",
"는": "ヌン",
"냉": "ネン",
"낸": "ネン",
"넹": "ネン",
"넨": "ネン",
"농": "ノン",
"논": "ノン",
"항": "ハン",
"한": "ハン",
"힝": "ヒン",
"힌": "ヒン",
"훙": "フン",
"훈": "フン",
"흥": "フン",
"흔": "フン",
"행": "ヘン",
"핸": "ヘン",
"헹": "ヘン",
"헨": "ヘン",
"홍": "ホン",
"혼": "ホン",
"방": "バン",
"반": "バン",
"빙": "ビン",
"빈": "ビン",
"붕": "ブン",
"분": "ブン",
"븡": "ブン",
"븐": "ブン",
"뱅": "ベン",
"밴": "ベン",
"벵": "ベン",
"벤": "ベン",
"봉": "ボン",
"본": "ボン",
"팡": "パン",
"판": "パン",
"핑": "ピン",
"핀": "ピン",
"풍": "プン",
"푼": "プン",
"픙": "プン",
"픈": "プン",
"팽": "ペン",
"팬": "ペン",
"펭": "ペン",
"펜": "ペン",
"퐁": "ポン",
"폰": "ポン",
"빵": "パン",
"빤": "パン",
"삥": "ピン",
"삔": "ピン",
"뿡": "プン",
"뿐": "プン",
"쁭": "プン",
"쁜": "プン",
"뺑": "ペン",
"뺀": "ペン",
"뼁": "ペン",
"뻰": "ペン",
"뽕": "ポン",
"뽄": "ポン",
"망": "マン",
"만": "マン",
"밍": "ミン",
"민": "ミン",
"뭉": "ムン",
"문": "ムン",
"믕": "ムン",
"믄": "ムン",
"맹": "メン",
"맨": "メン",
"멩": "メン",
"멘": "メン",
"몽": "モン",
"몬": "モン",
"양": "ヤン",
"얀": "ヤン",
"융": "ユン",
"윤": "ユン",
"용": "ヨン",
"욘": "ヨン",
"랑": "ラン",
"란": "ラン",
"링": "リン",
"린": "リン",
"룽": "ルン",
"룬": "ルン",
"릉": "ルン",
"른": "ルン",
"랭": "レン",
"랜": "レン",
"렝": "レン",
"렌": "レン",
"롱": "ロン",
"론": "ロン",
"왕": "ワン",
"완": "ワン",
"윙": "ヰン",
"윈": "ヰン",
"욍": "ヱン",
"왼": "ヱン",
"앗": "アッ",
"잇": "イッ",
"웃": "ウッ",
"읏": "ウッ",
"앳": "エッ",
"엣": "エッ",
"옷": "オッ",
"캇": "カッ",
"킷": "キッ",
"쿳": "クッ",
"큿": "クッ",
"캣": "ケッ",
"켓": "ケッ",
"콧": "コッ",
"깟": "カッ",
"낏": "キッ",
"꿋": "クッ",
"끗": "クッ",
"깻": "ケッ",
"껫": "ケッ",
"꼿": "コッ",
"갓": "ガッ",
"깃": "ギッ",
"굿": "グッ",
"긋": "グッ",
"갯": "ゲッ",
"겟": "ゲッ",
"곳": "ゴッ",
"삿": "サッ",
"싯": "シッ",
"숫": "スッ",
"슷": "スッ",
"샛": "セッ",
"셋": "セッ",
"솟": "ソッ",
"쌋": "サッ",
"씻": "シッ",
"쑷": "スッ",
"씃": "スッ",
"쌧": "セッ",
"쎗": "セッ",
"쏫": "ソッ",
"잣": "ザッ",
"짓": "ジッ",
"줏": "ズッ",
"즛": "ズッ",
"잿": "ゼッ",
"젯": "ゼッ",
"좃": "ゾッ",
"탓": "タッ",
"팃": "チッ",
"툿": "ツッ",
"틋": "ツッ",
"탯": "テッ",
"텟": "テッ",
"톳": "トッ",
"땃": "タッ",
"띳": "チッ",
"뚯": "チッ",
"뜻": "ツッ",
"땟": "テッ",
"뗏": "テッ",
"똣": "トッ",
"찻": "タッ",
"칫": "チッ",
"춧": "ツッ",
"츳": "ツッ",
"챗": "テッ",
"쳇": "テッ",
"촛": "トッ",
"짯": "タッ",
"찟": "チッ",
"쭛": "ツッ",
"쯧": "ツッ",
"쨋": "テッ",
"쩻": "テッ",
"쫏": "トッ",
"닷": "ダッ",
"딧": "ヂッ",
"둣": "ヅッ",
"듯": "ヅッ",
"댓": "デッ",
"뎃": "デッ",
"돗": "ドッ",
"낫": "ナッ",
"닛": "ニッ",
"눗": "ヌッ",
"늣": "ヌッ",
"냇": "ネッ",
"넷": "ネッ",
"놋": "ノッ",
"핫": "ハッ",
"힛": "ヒッ",
"훗": "フッ",
"흣": "フッ",
"햇": "ヘッ",
"헷": "ヘッ",
"홋": "ホッ",
"밧": "バッ",
"빗": "ビッ",
"붓": "ブッ",
"븟": "ブッ",
"뱃": "ベッ",
"벳": "ベッ",
"봇": "ボッ",
"팟": "パッ",
"핏": "ピッ",
"풋": "プッ",
"픗": "プッ",
"팻": "ペッ",
"펫": "ペッ",
"폿": "ポッ",
"빳": "パッ",
"삣": "ピッ",
"뿟": "プッ",
"쁫": "プッ",
"뺏": "ペッ",
"뻿": "ペッ",
"뽓": "ポッ",
"맛": "マッ",
"밋": "ミッ",
"뭇": "ムッ",
"믓": "ムッ",
"맷": "メッ",
"멧": "メッ",
"못": "モッ",
"얏": "ヤッ",
"윳": "ユッ",
"욧": "ヨッ",
"랏": "ラッ",
"릿": "リッ",
"룻": "ルッ",
"릇": "ルッ",
"랫": "レッ",
"렛": "レッ",
"롯": "ロッ",
"왓": "ワッ",
"윗": "ヰッ",
"욋": "ヱッ",
"캬": "キャ",
"캰": "キャン",
"컁": "キャン",
"캿": "キャッ",
"큐": "キュ",
"큔": "キュン",
"큥": "キュン",
"큣": "キュッ",
"쿄": "キョ",
"쿈": "キョン",
"쿙": "キョン",
"쿗": "キョッ",
"꺄": "キャ",
"꺈": "キャン",
"꺙": "キャン",
"꺗": "キャッ",
"뀨": "キュ",
"뀬": "キュン",
"뀽": "キュン",
"뀻": "キュッ",
"꾜": "キョ",
"꾠": "キョン",
"꾱": "キョン",
"꾯": "キョッ",
"갸": "ギャ",
"갼": "ギャン",
"걍": "ギャン",
"걋": "ギャッ",
"규": "ギュ",
"균": "ギュン",
"귱": "ギュン",
"귯": "ギュッ",
"교": "ギョ",
"굔": "ギョン",
"굥": "ギョン",
"굣": "ギョッ",
"샤": "シャ",
"샨": "シャン",
"샹": "シャン",
"샷": "シャッ",
"슈": "シュ",
"슌": "シュン",
"슝": "シュン",
"슛": "シュッ",
"쇼": "ショ",
"숀": "ション",
"숑": "ション",
"숏": "ショッ",
"쌰": "シャ",
"쌴": "シャン",
"썅": "シャン",
"썃": "シャッ",
"쓔": "シュ",
"쓘": "シュン",
"쓩": "シュン",
"쓧": "シュッ",
"쑈": "ショ",
"쑌": "ション",
"쑝": "ション",
"쑛": "ショッ",
"쟈": "ジャ",
"쟌": "ジャン",
"쟝": "ジャン",
"쟛": "ジャッ",
"쥬": "ジュ",
"쥰": "ジュン",
"즁": "ジュン",
"쥿": "ジュッ",
"죠": "ジョ",
"죤": "ジョン",
"죵": "ジョン",
"죳": "ジョッ",
"탸": "チャ",
"탼": "チャン",
"턍": "チャン",
"턋": "チャッ",
"튜": "チュ",
"튠": "チュン",
"튱": "チュン",
"튯": "チュッ",
"툐": "チョ",
"툔": "チョン",
"툥": "チョン",
"툣": "チョッ",
"땨": "チャ",
"땬": "チャン",
"땽": "チャン",
"땻": "チャッ",
"뜌": "チュ",
"뜐": "チュン",
"뜡": "チュン",
"뜟": "チュッ",
"뚀": "チョ",
"뚄": "チョン",
"뚕": "チョン",
"뚓": "チョッ",
"챠": "チャ",
"챤": "チャン",
"챵": "チャン",
"챳": "チャッ",
"츄": "チュ",
"츈": "チュン",
"츙": "チュン",
"츗": "チュッ",
"쵸": "チョ",
"쵼": "チョン",
"춍": "チョン",
"춋": "チョッ",
"쨔": "チャ",
"쨘": "チャン",
"쨩": "チャン",
"쨧": "チャッ",
"쮸": "チュ",
"쮼": "チュン",
"쯍": "チュン",
"쯋": "チュッ",
"쬬": "チョ",
"쬰": "チョン",
"쭁": "チョン",
"쬿": "チョッ",
"댜": "ヂャ",
"댠": "ヂャン",
"댱": "ヂャン",
"댯": "ヂャッ",
"듀": "ヂュ",
"듄": "ヂュン",
"듕": "ヂュン",
"듓": "ヂュッ",
"됴": "ヂョ",
"됸": "ヂョン",
"둉": "ヂョン",
"둇": "ヂョッ",
"냐": "ニャ",
"냔": "ニャン",
"냥": "ニャン",
"냣": "ニャッ",
"뉴": "ニュ",
"뉸": "ニュン",
"늉": "ニュン",
"늇": "ニュッ",
"뇨": "ニョ",
"뇬": "ニョン",
"뇽": "ニョン",
"뇻": "ニョッ",
"햐": "ヒャ",
"햔": "ヒャン",
"향": "ヒャン",
"햣": "ヒャッ",
"휴": "ヒュ",
"휸": "ヒュン",
"흉": "ヒュン",
"흇": "ヒュッ",
"효": "ヒョ",
"횬": "ヒョン",
"횽": "ヒョン",
"횻": "ヒョッ",
"뱌": "ビャ",
"뱐": "ビャン",
"뱡": "ビャン",
"뱟": "ビャッ",
"뷰": "ビュ",
"뷴": "ビュン",
"븅": "ビュン",
"븃": "ビュッ",
"뵤": "ビョ",
"뵨": "ビョン",
"뵹": "ビョン",
"뵷": "ビョッ",
"퍄": "ピャ",
"퍈": "ピャン",
"퍙": "ピャン",
"퍗": "ピャッ",
"퓨": "ピュ",
"퓬": "ピュン",
"퓽": "ピュン",
"퓻": "ピュッ",
"표": "ピョ",
"푠": "ピョン",
"푱": "ピョン",
"푯": "ピョッ",
"뺘": "ピャ",
"뺜": "ピャン",
"뺭": "ピャン",
"뺫": "ピャッ",
"쀼": "ピュ",
"쁀": "ピュン",
"쁑": "ピュン",
"쁏": "ピュッ",
"뾰": "ピョ",
"뾴": "ピョン",
"뿅": "ピョン",
"뿃": "ピョッ",
"먀": "ミャ",
"먄": "ミャン",
"먕": "ミャン",
"먓": "ミャッ",
"뮤": "ミュ",
"뮨": "ミュン",
"뮹": "ミュン",
"뮷": "ミュッ",
"묘": "ミョ",
"묜": "ミョン",
"묭": "ミョン",
"묫": "ミョッ",
"랴": "リャ",
"랸": "リャン",
"량": "リャン",
"럇": "リャッ",
"류": "リュ",
"륜": "リュン",
"륭": "リュン",
"륫": "リュッ",
"료": "リョ",
"룐": "リョン",
"룡": "リョン",
"룟": "リョッ",
"아": "ア",
"이": "イ",
"우": "ウ",
"으": "ウ",
"애": "エ",
"에": "エ",
"오": "オ",
"카": "カ",
"키": "キ",
"쿠": "ク",
"크": "ク",
"캐": "ケ",
"케": "ケ",
"코": "コ",
"까": "カ",
"끼": "キ",
"꾸": "ク",
"끄": "ク",
"깨": "ケ",
"께": "ケ",
"꼬": "コ",
"가": "ガ",
"기": "ギ",
"구": "グ",
"그": "グ",
"개": "ゲ",
"게": "ゲ",
"고": "ゴ",
"사": "サ",
"시": "シ",
"수": "ス",
"스": "ス",
"새": "セ",
"세": "セ",
"소": "ソ",
"싸": "サ",
"씨": "シ",
"쑤": "ス",
"쓰": "ス",
"쌔": "セ",
"쎄": "セ",
"쏘": "ソ",
"자": "ザ",
"지": "ジ",
"주": "ズ",
"즈": "ズ",
"재": "ゼ",
"제": "ゼ",
"조": "ゾ",
"타": "タ",
"티": "チ",
"투": "ツ",
"트": "ツ",
"태": "テ",
"테": "テ",
"토": "ト",
"따": "タ",
"띠": "チ",
"뚜": "ツ",
"뜨": "ツ",
"때": "テ",
"떼": "テ",
"또": "ト",
"차": "タ",
"치": "チ",
"추": "ツ",
"츠": "ツ",
"채": "テ",
"체": "テ",
"초": "ト",
"짜": "タ",
"찌": "チ",
"쭈": "ツ",
"쯔": "ツ",
"째": "テ",
"쩨": "テ",
"쪼": "ト",
"다": "ダ",
"디": "ヂ",
"두": "ヅ",
"드": "ヅ",
"대": "デ",
"데": "デ",
"도": "ド",
"나": "ナ",
"니": "ニ",
"누": "ヌ",
"느": "ヌ",
"내": "ネ",
"네": "ネ",
"노": "ノ",
"하": "ハ",
"히": "ヒ",
"후": "フ",
"흐": "フ",
"해": "ヘ",
"헤": "ヘ",
"호": "ホ",
"바": "バ",
"비": "ビ",
"부": "ブ",
"브": "ブ",
"배": "ベ",
"베": "ベ",
"보": "ボ",
"파": "パ",
"피": "ピ",
"푸": "プ",
"프": "プ",
"패": "ペ",
"페": "ペ",
"포": "ポ",
"빠": "パ",
"삐": "ピ",
"뿌": "プ",
"쁘": "プ",
"빼": "ペ",
"뻬": "ペ",
"뽀": "ポ",
"마": "マ",
"미": "ミ",
"무": "ム",
"므": "ム",
"매": "メ",
"메": "メ",
"모": "モ",
"라": "ラ",
"리": "リ",
"루": "ル",
"르": "ル",
"래": "レ",
"레": "レ",
"로": "ロ",
"야": "ヤ",
"유": "ユ",
"요": "ヨ",
"와": "ワ",
"위": "ヰ",
"외": "ヱ",
"왜": "ヱ",
"올": "ヲ"

},


"japanese_to_korean": {
"あん": "안",
"いん": "인",
"うん": "운",
"えん": "엔",
"おん": "온",
"かん": "칸",
"きん": "킨",
"くん": "쿤",
"けん": "켄",
"こん": "콘",
"がん": "간",
"ぎん": "긴",
"げん": "겐",
"ごん": "곤",
"さん": "산",
"しん": "신",
"すん": "순",
"せん": "센",
"そん": "손",
"ざん": "잔",
"じん": "진",
"ずん": "준",
"ぜん": "젠",
"ぞん": "존",
"たん": "탄",
"ちん": "친",
"つん": "츤",
"てん": "텐",
"とん": "톤",
"だん": "단",
"ぢん": "진",
"づん": "즌",
"でん": "덴",
"どん": "돈",
"なん": "난",
"にん": "닌",
"ぬん": "눈",
"ねん": "넨",
"のん": "논",
"はん": "한",
"ひん": "힌",
"ふん": "훈",
"へん": "헨",
"ほん": "혼",
"ばん": "반",
"びん": "빈",
"ぶん": "분",
"べん": "벤",
"ぼん": "본",
"ぱん": "판",
"ぴん": "핀",
"ぷん": "푼",
"ぺん": "펜",
"ぽん": "폰",
"まん": "만",
"みん": "민",
"むん": "문",
"めん": "멘",
"もん": "몬",
"やん": "얀",
"ゆん": "윤",
"よん": "욘",
"らん": "란",
"りん": "린",
"るん": "룬",
"れん": "렌",
"ろん": "론",
"わん": "완",
"ゐん": "윈",
"ゑん": "왼",

"あっ": "앗",
"いっ": "잇",
"うっ": "웃",
"えっ": "엣",
"おっ": "옷",
"かっ": "캇",
"きっ": "킷",
"くっ": "쿳",
"けっ": "켓",
"こっ": "콧",
"がっ": "갓",
"ぎっ": "깃",
"ぐっ": "굿",
"げっ": "겟",
"ごっ": "곳",
"さっ": "삿",
"しっ": "싯",
"すっ": "숫",
"せっ": "셋",
"そっ": "솟",
"ざっ": "잣",
"じっ": "짓",
"ずっ": "줏",
"ぜっ": "젯",
"ぞっ": "좃",
"たっ": "탓",
"ちっ": "칫",
"つっ": "츳",
"てっ": "텟",
"とっ": "톳",
"だっ": "닷",
"ぢっ": "짓",
"づっ": "즛",
"でっ": "뎃",
"どっ": "돗",
"なっ": "낫",
"にっ": "닛",
"ぬっ": "눗",
"ねっ": "넷",
"のっ": "놋",
"はっ": "핫",
"ひっ": "힛",
"ふっ": "훗",
"へっ": "헷",
"ほっ": "홋",
"ばっ": "밧",
"びっ": "빗",
"ぶっ": "붓",
"べっ": "벳",
"ぼっ": "봇",
"ぱっ": "팟",
"ぴっ": "핏",
"ぷっ": "풋",
"ぺっ": "펫",
"ぽっ": "폿",
"まっ": "맛",
"みっ": "밋",
"むっ": "뭇",
"めっ": "멧",
"もっ": "못",
"やっ": "얏",
"ゆっ": "윳",
"よっ": "욧",
"らっ": "랏",
"りっ": "릿",
"るっ": "룻",
"れっ": "렛",
"ろっ": "롯",
"わっ": "왓",
"ゐっ": "윗",
"ゑっ": "욋",

"きゃ": "캬",
"きゃん": "캰",
"きゃっ": "캿",
"きゅ": "큐",
"きゅん": "큔",
"きゅっ": "큣",
"きょ": "쿄",
"きょん": "쿈",
"きょっ": "쿗",
"ぎゃ": "갸",
"ぎゃん": "갼",
"ぎゃっ": "걋",
"ぎゅ": "규",
"ぎゅん": "균",
"ぎゅっ": "귯",
"ぎょ": "교",
"ぎょん": "굔",
"ぎょっ": "굣",
"しゃ": "샤",
"しゃん": "샨",
"しゃっ": "샷",
"しゅ": "슈",
"しゅん": "슌",
"しゅっ": "슛",
"しょ": "쇼",
"しょん": "숀",
"しょっ": "숏",
"じゃ": "쟈",
"じゃん": "쟌",
"じゃっ": "쟛",
"じゅ": "쥬",
"じゅん": "쥰",
"じゅっ": "쥿",
"じょ": "죠",
"じょん": "죤",
"じょっ": "죳",
"ちゃ": "챠",
"ちゃん": "챤",
"ちゃっ": "챳",
"ちゅ": "츄",
"ちゅん": "츈",
"ちゅっ": "츗",
"ちょ": "쵸",
"ちょん": "쵼",
"ちょっ": "춋",
"にゃ": "냐",
"にゃん": "냔",
"にゃっ": "냣",
"にゅ": "뉴",
"にゅん": "뉸",
"にゅっ": "늇",
"にょ": "뇨",
"にょん": "뇬",
"にょっ": "뇻",
"ひゃ": "햐",
"ひゃん": "햔",
"ひゃっ": "햣",
"ひゅ": "휴",
"ひゅん": "휸",
"ひゅっ": "흇",
"ひょ": "효",
"ひょん": "횬",
"ひょっ": "횻",
"びゃ": "뱌",
"びゃん": "뱐",
"びゃっ": "뱟",
"びゅ": "뷰",
"びゅん": "뷴",
"びゅっ": "븃",
"びょ": "뵤",
"びょん": "뵨",
"びょっ": "뵷",
"ぴゃ": "퍄",
"ぴゃん": "퍈",
"ぴゃっ": "퍗",
"ぴゅ": "퓨",
"ぴゅん": "퓬",
"ぴゅっ": "퓻",
"ぴょ": "표",
"ぴょん": "푠",
"ぴょっ": "푯",
"みゃ": "먀",
"みゃん": "먄",
"みゃっ": "먓",
"みゅ": "뮤",
"みゅん": "뮨",
"みゅっ": "뮷",
"みょ": "묘",
"みょん": "묜",
"みょっ": "묫",
"りゃ": "랴",
"りゃん": "랸",
"りゃっ": "럇",
"りゅ": "류",
"りゅん": "륜",
"りゅっ": "륫",
"りょ": "료",
"りょん": "룐",
"りょっ": "룟",

    "あ": "아",
    "い": "이",
    "う": "우",
    "え": "에",
    "お": "오",
    "か": "카",
    "き": "키",
    "く": "쿠",
    "け": "케",
    "こ": "코",
    "が": "가",
    "ぎ": "기",
    "ぐ": "구",
    "げ": "게",
    "ご": "고",
    "さ": "사",
    "し": "시",
    "す": "수",
    "せ": "세",
    "そ": "소",
    "ざ": "자",
    "じ": "지",
    "ず": "주",
    "ぜ": "제",
    "ぞ": "조",
    "た": "타",
    "ち": "치",
    "つ": "츠",
    "て": "테",
    "と": "토",
    "だ": "다",
    "ぢ": "디",
    "づ": "두",
    "で": "데",
    "ど": "도",
    "な": "나",
    "に": "니",
    "ぬ": "누",
    "ね": "네",
    "の": "노",
    "は": "하",
    "ひ": "히",
    "ふ": "후",
    "へ": "헤",
    "ほ": "호",
    "ば": "바",
    "び": "비",
    "ぶ": "부",
    "べ": "베",
    "ぼ": "보",
    "ぱ": "파",
    "ぴ": "피",
    "ぷ": "푸",
    "ぺ": "페",
    "ぽ": "포",
    "ま": "마",
    "み": "미",
    "む": "무",
    "め": "메",
    "も": "모",
    "ら": "라",
    "り": "리",
    "る": "루",
    "れ": "레",
    "ろ": "로",
    "や": "야",
    "ゆ": "유",
    "よ": "요",
    "わ": "와",
    "ゐ": "위",
    "ゑ": "외",
    "を": "오",

  "アン": "안",
  "イン": "인",
  "ウン": "운",
  "エン": "엔",
  "オン": "온",
  "カン": "칸",
  "キン": "킨",
  "クン": "쿤",
  "ケン": "켄",
  "コン": "콘",
  "ガン": "간",
  "ギン": "긴",
  "ゲン": "겐",
  "ゴン": "곤",
  "サン": "산",
  "シン": "신",
  "スン": "순",
  "セン": "센",
  "ソン": "손",
  "ザン": "잔",
  "ジン": "진",
  "ズン": "준",
  "ゼン": "젠",
  "ゾン": "존",
  "タン": "탄",
  "チン": "친",
  "ツン": "츤",
  "テン": "텐",
  "トン": "톤",
  "ダン": "단",
  "ヂン": "진",
  "ヅン": "즌",
  "デン": "덴",
  "ドン": "돈",
  "ナン": "난",
  "ニン": "닌",
  "ヌン": "눈",
  "ネン": "넨",
  "ノン": "논",
  "ハン": "한",
  "ヒン": "힌",
  "フン": "훈",
  "ヘン": "헨",
  "ホン": "혼",
  "バン": "반",
  "ビン": "빈",
  "ブン": "분",
  "ベン": "벤",
  "ボン": "본",
  "パン": "판",
  "ピン": "핀",
  "プン": "푼",
  "ペン": "펜",
  "ポン": "폰",
  "マン": "만",
  "ミン": "민",
  "ムン": "문",
  "メン": "멘",
  "モン": "몬",
  "ヤン": "얀",
  "ユン": "윤",
  "ヨン": "욘",
  "ラン": "란",
  "リン": "린",
  "ルン": "룬",
  "レン": "렌",
  "ロン": "론",
  "ワン": "완",
  "ヰン": "윈",
  "ヱン": "왼",

  "アッ": "앗",
  "イッ": "잇",
  "ウッ": "웃",
  "エッ": "엣",
  "オッ": "옷",
  "カッ": "캇",
  "キッ": "킷",
  "クッ": "쿳",
  "ケッ": "켓",
  "コッ": "콧",
  "ガッ": "갓",
  "ギッ": "깃",
  "グッ": "굿",
  "ゲッ": "겟",
  "ゴッ": "곳",
  "サッ": "삿",
  "シッ": "싯",
  "スッ": "숫",
  "セッ": "셋",
  "ソッ": "솟",
  "ザッ": "잣",
  "ジッ": "짓",
  "ズッ": "줏",
  "ゼッ": "젯",
  "ゾッ": "좃",
  "タッ": "탓",
  "チッ": "칫",
  "ツッ": "츳",
  "テッ": "텟",
  "トッ": "톳",
  "ダッ": "닷",
  "ヂッ": "짓",
  "ヅッ": "즛",
  "デッ": "뎃",
  "ドッ": "돗",
  "ナッ": "낫",
  "ニッ": "닛",
  "ヌッ": "눗",
  "ネッ": "넷",
  "ノッ": "놋",
  "ハッ": "핫",
  "ヒッ": "힛",
  "フッ": "훗",
  "ヘッ": "헷",
  "ホッ": "홋",
  "バッ": "밧",
  "ビッ": "빗",
  "ブッ": "붓",
  "ベッ": "벳",
  "ボッ": "봇",
  "パッ": "팟",
  "ピッ": "핏",
  "プッ": "풋",
  "ペッ": "펫",
  "ポッ": "폿",
  "マッ": "맛",
  "ミッ": "밋",
  "ムッ": "뭇",
  "メッ": "멧",
  "モッ": "못",
  "ヤッ": "얏",
  "ユッ": "윳",
  "ヨッ": "욧",
  "ラッ": "랏",
  "リッ": "릿",
  "ルッ": "룻",
  "レッ": "렛",
  "ロッ": "롯",
  "ワッ": "왓",
  "ヰッ": "윗",
  "ヱッ": "욋",

  "キャ": "캬",
  "キャン": "캰",
  "キャッ": "캿",
  "キュ": "큐",
  "キュン": "큔",
  "キュッ": "큣",
  "キョ": "쿄",
  "キョン": "쿈",
  "キョッ": "쿗",
  "ギャ": "갸",
  "ギャン": "갼",
  "ギャッ": "걋",
  "ギュ": "규",
  "ギュン": "균",
  "ギュッ": "귯",
  "ギョ": "교",
  "ギョン": "굔",
  "ギョッ": "굣",
  "シャ": "샤",
  "シャン": "샨",
  "シャッ": "샷",
  "シュ": "슈",
  "シュン": "슌",
  "シュッ": "슛",
  "ショ": "쇼",
  "ション": "숀",
  "ショッ": "숏",
  "ジャ": "쟈",
  "ジャン": "쟌",
  "ジャッ": "쟛",
  "ジュ": "쥬",
  "ジュン": "쥰",
  "ジュッ": "쥿",
  "ジョ": "죠",
  "ジョン": "죤",
  "ジョッ": "죳",
  "チャ": "챠",
  "チャン": "챤",
  "チャッ": "챳",
  "チュ": "츄",
  "チュン": "츈",
  "チュッ": "츗",
  "チョ": "쵸",
  "チョン": "쵼",
  "チョッ": "춋",
  "ニャ": "냐",
  "ニャン": "냔",
  "ニャッ": "냣",
  "ニュ": "뉴",
  "ニュン": "뉸",
  "ニュッ": "늇",
  "ニョ": "뇨",
  "ニョン": "뇬",
  "ニョッ": "뇻",
  "ヒャ": "햐",
  "ヒャン": "햔",
  "ヒャッ": "햣",
  "ヒュ": "휴",
  "ヒュン": "휸",
  "ヒュッ": "흇",
  "ヒョ": "효",
  "ヒョン": "횬",
  "ヒョッ": "횻",
  "ビャ": "뱌",
  "ビャン": "뱐",
  "ビャッ": "뱟",
  "ビュ": "뷰",
  "ビュン": "뷴",
  "ビュッ": "븃",
  "ビョ": "뵤",
  "ビョン": "뵨",
  "ビョッ": "뵷",
  "ピャ": "퍄",
  "ピャン": "퍈",
  "ピャッ": "퍗",
  "ピュ": "퓨",
  "ピュン": "퓬",
  "ピュッ": "퓻",
  "ピョ": "표",
  "ピョン": "푠",
  "ピョッ": "푯",
  "ミャ": "먀",
  "ミャン": "먄",
  "ミャッ": "먓",
  "ミュ": "뮤",
  "ミュン": "뮨",
  "ミュッ": "뮷",
  "ミョ": "묘",
  "ミョン": "묜",
  "ミョッ": "묫",
  "リャ": "랴",
  "リャン": "랸",
  "リャッ": "럇",
  "リュ": "류",
  "リュン": "륜",
  "リュッ": "륫",
  "リョ": "료",
  "リョン": "룐",
  "リョッ": "룟",

    "ア": "아",
    "イ": "이",
    "ウ": "우",
    "エ": "에",
    "オ": "오",
    "カ": "카",
    "キ": "키",
    "ク": "쿠",
    "ケ": "케",
    "コ": "코",
    "ガ": "가",
    "ギ": "기",
    "グ": "구",
    "ゲ": "게",
    "ゴ": "고",
    "サ": "사",
    "シ": "시",
    "ス": "수",
    "セ": "세",
    "ソ": "소",
    "ザ": "자",
    "ジ": "지",
    "ズ": "주",
    "ゼ": "제",
    "ゾ": "조",
    "タ": "타",
    "チ": "치",
    "ツ": "츠",
    "テ": "테",
    "ト": "토",
    "ダ": "다",
    "ヂ": "디",
    "ヅ": "두",
    "デ": "데",
    "ド": "도",
    "ナ": "나",
    "ニ": "니",
    "ヌ": "누",
    "ネ": "네",
    "ノ": "노",
    "ハ": "하",
    "ヒ": "히",
    "フ": "후",
    "ヘ": "헤",
    "ホ": "호",
    "バ": "바",
    "ビ": "비",
    "ブ": "부",
    "ベ": "베",
    "ボ": "보",
    "パ": "파",
    "ピ": "피",
    "プ": "푸",
    "ペ": "페",
    "ポ": "포",
    "マ": "마",
    "ミ": "미",
    "ム": "무",
    "メ": "메",
    "モ": "모",
    "ラ": "라",
    "リ": "리",
    "ル": "루",
    "レ": "레",
    "ロ": "로",
    "ヤ": "야",
    "ユ": "유",
    "ヨ": "요",
    "ワ": "와",
    "ヰ": "위",
    "ヱ": "외",
    "ヲ": "오"



}

}
